title,type,rating,release_year,genre_count,country_count,analytics_score
Monarca,TV Show,TV-MA,2021,3,1,0.8196359499431172
Cobra Kai,TV Show,TV-14,2021,3,1,0.8196359499431172
Nailed It! Mexico,TV Show,TV-PG,2021,3,1,0.8196359499431172
Monsters Inside: The 24 Faces of Billy Milligan,TV Show,TV-14,2021,3,1,0.8196359499431172
Bangkok Breaking,TV Show,TV-MA,2021,3,1,0.8196359499431172
Crime Stories: India Detectives,TV Show,TV-MA,2021,3,1,0.8196359499431172
Stuck Apart,Movie,TV-MA,2021,3,1,0.8196359499431172
Inside the World’s Toughest Prisons,TV Show,TV-MA,2021,3,1,0.8196359499431172
Disenchantment,TV Show,TV-14,2021,3,1,0.8196359499431172
Daughter From Another Mother,TV Show,TV-MA,2021,3,1,0.8196359499431172
Busted!,TV Show,TV-14,2021,3,1,0.8196359499431172
50M2,TV Show,TV-MA,2021,3,1,0.8196359499431172
Invisible City,TV Show,TV-MA,2021,3,1,0.8196359499431172
Hache,TV Show,TV-MA,2021,3,1,0.8196359499431172
Nadiya Bakes,TV Show,TV-G,2021,3,1,0.8196359499431172
