Feature,Importance
numerical__release_year,0.3767896162526837
numerical__content_age,0.33054799300009846
numerical__genre_count,0.1491486621349659
numerical__duration_number,0.026068571005186433
categorical__rating_TV-MA,0.01613571096573271
categorical__country_United States,0.012460152570775939
numerical__title_length,0.01235967611956755
categorical__type_Movie,0.0101672983944916
categorical__type_TV Show,0.00886427781964514
numerical__title_word_count,0.007284487184672534
categorical__rating_R,0.0046083568131093855
categorical__rating_PG-13,0.003552725883779666
categorical__rating_TV-14,0.0027333663432779487
categorical__country_India,0.0027215442536761285
categorical__country_Spain,0.002562725872493113
categorical__rating_TV-Y,0.002533908730862557
categorical__country_South Korea,0.00241089952638706
categorical__country_Not Given,0.002197283190351529
categorical__rating_TV-Y7,0.0019862436221952107
categorical__country_United Kingdom,0.0017952987785383996
categorical__rating_TV-PG,0.0017073306073321498
categorical__country_Pakistan,0.0015413190125738887
categorical__country_Hong Kong,0.0013123169616725554
categorical__rating_NR,0.0012170181958314251
categorical__country_Nigeria,0.0011626904695073784
categorical__country_Egypt,0.000965769668276164
categorical__rating_PG,0.0009643770335388675
categorical__country_Taiwan,0.0008959523114091328
categorical__rating_TV-G,0.0008056919486764816
categorical__country_Canada,0.0007959718799156906
categorical__country_Japan,0.0007571052167662225
categorical__country_China,0.0007076494288132089
categorical__country_France,0.0005653776766500651
categorical__country_Turkey,0.0005545627275245965
categorical__country_Mexico,0.0005545514635215045
categorical__country_Ireland,0.0005205138447293943
categorical__country_Philippines,0.0004780149780113301
categorical__country_Argentina,0.00046326301745241955
categorical__country_Singapore,0.00042724616738108815
categorical__country_Australia,0.000425944329007822
categorical__rating_G,0.0003969762247206519
categorical__country_Italy,0.00036849094929249034
categorical__country_Germany,0.00034273058440719844
categorical__country_Indonesia,0.00032838384200727035
categorical__country_Brazil,0.0002886022221525849
categorical__country_Thailand,0.000284332106687509
categorical__country_Russia,0.0002679432609702261
categorical__country_Colombia,0.00024764457004362774
categorical__country_South Africa,0.000242528481047475
categorical__country_Chile,0.0002165394419660089
categorical__country_Czech Republic,0.00021307614051430628
categorical__country_Denmark,0.00020216830810992353
categorical__country_New Zealand,0.00020109256107100519
categorical__country_Malaysia,0.00019998530304885914
categorical__country_Poland,0.0001879018821267721
categorical__country_Netherlands,0.00018636155837079842
categorical__country_Norway,0.00016431731445604704
categorical__country_Belgium,0.00015980047438630992
categorical__country_United Arab Emirates,0.0001536447124730496
categorical__country_Switzerland,0.00013484652704041247
categorical__country_Sweden,0.00012159460476547847
categorical__country_Lebanon,0.00011112219331806265
categorical__country_Hungary,9.826371096169466e-05
categorical__country_Portugal,9.05204161945236e-05
categorical__country_Israel,8.89645041251675e-05
categorical__country_Romania,8.83798437888026e-05
categorical__country_Saudi Arabia,8.188273066061829e-05
categorical__country_Guatemala,6.893786000164137e-05
categorical__rating_TV-Y7-FV,6.166223938278815e-05
categorical__country_Austria,6.004734962966077e-05
categorical__rating_NC-17,5.358783745971784e-05
categorical__country_Serbia,5.0527638629524215e-05
categorical__country_Bangladesh,4.7883776620035597e-05
categorical__country_Georgia,4.295304568804645e-05
categorical__country_Bulgaria,3.916753387200486e-05
categorical__country_Slovenia,3.4735721384669866e-05
categorical__country_Iceland,3.1580602988320285e-05
categorical__country_Ukraine,2.760734985893502e-05
categorical__rating_UR,2.6764784646980382e-05
categorical__country_Croatia,2.4467997898644225e-05
categorical__country_Cyprus,2.439040028144287e-05
categorical__country_Zimbabwe,2.3289876540254686e-05
categorical__country_Uruguay,2.1923070950167362e-05
categorical__country_Vietnam,1.9438926812852006e-05
categorical__country_Kenya,1.862301550822123e-05
categorical__country_Peru,1.802347015082696e-05
categorical__country_Finland,1.7991877590489748e-05
categorical__country_Cambodia,1.3711975915555731e-05
categorical__country_Syria,1.0255370366513268e-05
categorical__country_Venezuela,8.213562798925441e-06
categorical__country_Namibia,7.293824823647773e-06
categorical__country_Kuwait,6.9145985266922095e-06
categorical__country_West Germany,6.106519817113487e-06
categorical__country_Mauritius,5.336000106675795e-06
categorical__country_Soviet Union,2.592593835036534e-06
categorical__country_Somalia,2.38025672092628e-06
categorical__country_Iran,1.5581691813758483e-06
categorical__country_Ghana,1.0812046664069065e-06
categorical__country_Jordan,8.573084524521833e-07
categorical__country_Jamaica,5.343691043421141e-07
categorical__country_Luxembourg,0.0
categorical__country_Mozambique,0.0
numerical__country_count,0.0
